{"cameraMode":{"drawMode":0,"name":"Shaded","section":"Shading Mode"},"sceneLighting":true,"audioPlay":false,"sceneViewState":{"showFog":true,"showMaterialUpdate":false,"showSkybox":true,"showFlares":true,"showImageEffects":true,"showParticleSystems":true},"in2DMode":false,"pivot":{"x":-2.1134033203125,"y":13.01618480682373,"z":4.026041030883789},"rotation":{"x":0.038447801023721698,"y":0.9313322901725769,"z":-0.1064717248082161,"w":0.3470833897590637},"size":11.625762939453125,"orthographic":false}