{"cameraMode":{"drawMode":0,"name":"Shaded","section":"Shading Mode"},"sceneLighting":true,"audioPlay":false,"sceneViewState":{"showFog":true,"showMaterialUpdate":false,"showSkybox":true,"showFlares":true,"showImageEffects":true,"showParticleSystems":true},"in2DMode":false,"pivot":{"x":1.4766737222671509,"y":8.922411918640137,"z":14.000837326049805},"rotation":{"x":-0.2837781608104706,"y":0.15758803486824037,"z":-0.04733927547931671,"w":-0.944667637348175},"size":15.726005554199219,"orthographic":false}