{"cameraMode":{"drawMode":0,"name":"Shaded","section":"Shading Mode"},"sceneLighting":true,"audioPlay":false,"sceneViewState":{"showFog":true,"showMaterialUpdate":false,"showSkybox":true,"showFlares":true,"showImageEffects":true,"showParticleSystems":true},"in2DMode":false,"pivot":{"x":13.418617248535157,"y":-17.185853958129884,"z":-24.48373794555664},"rotation":{"x":-0.18337662518024445,"y":0.7568902969360352,"z":-0.2393765151500702,"w":-0.5798218250274658},"size":94.19988250732422,"orthographic":false}