{"cameraMode":{"drawMode":0,"name":"Shaded","section":"Shading Mode"},"sceneLighting":true,"audioPlay":false,"sceneViewState":{"showFog":true,"showMaterialUpdate":false,"showSkybox":true,"showFlares":true,"showImageEffects":true,"showParticleSystems":true},"in2DMode":false,"pivot":{"x":-9.10467529296875,"y":6.41826868057251,"z":-5.233117580413818},"rotation":{"x":-0.04219129681587219,"y":0.6531704664230347,"z":-0.036489151418209079,"w":-0.7551741003990173},"size":26.52062225341797,"orthographic":false}