{"cameraMode":{"drawMode":0,"name":"Shaded","section":"Shading Mode"},"sceneLighting":false,"audioPlay":false,"sceneViewState":{"showFog":true,"showMaterialUpdate":false,"showSkybox":false,"showFlares":true,"showImageEffects":true,"showParticleSystems":true},"in2DMode":false,"pivot":{"x":0.0,"y":0.3671824336051941,"z":-0.003113687038421631},"rotation":{"x":-0.09207356721162796,"y":-0.8915185332298279,"z":0.3904973864555359,"w":-0.21056292951107026},"size":1.2332106828689576,"orthographic":false}