{"cameraMode":{"drawMode":0,"name":"Shaded","section":"Shading Mode"},"sceneLighting":false,"audioPlay":false,"sceneViewState":{"showFog":true,"showMaterialUpdate":false,"showSkybox":false,"showFlares":true,"showImageEffects":true,"showParticleSystems":true},"in2DMode":false,"pivot":{"x":0.0,"y":0.1946028620004654,"z":-0.07879278063774109},"rotation":{"x":-0.09207356721162796,"y":-0.8915185332298279,"z":0.3904973864555359,"w":-0.21056292951107026},"size":0.38086241483688357,"orthographic":false}