{"cameraMode":{"drawMode":0,"name":"Shaded","section":"Shading Mode"},"sceneLighting":false,"audioPlay":false,"sceneViewState":{"showFog":true,"showMaterialUpdate":false,"showSkybox":false,"showFlares":true,"showImageEffects":true,"showParticleSystems":true},"in2DMode":false,"pivot":{"x":0.0,"y":0.1946028620004654,"z":-0.07879278063774109},"rotation":{"x":0.12433210760354996,"y":-0.7762473821640015,"z":0.1610729694366455,"w":0.5967822074890137},"size":0.38086241483688357,"orthographic":false}